type_annonceur;typedebien;typedetransaction;etage;surface;surface_terrain;nb_pieces;prix_bien;prix_maison;prix_terrain;mensualiteFinance;balcon;eau;bain;dpeL;dpeC;mapCoordonneesLatitude;mapCoordonneesLongitude;annonce_exclusive;nb_etages;parking;places_parking;cave;exposition;ges_class;annee_construction;nb_toilettes;nb_terraces;videophone;porte_digicode;surface_balcon;ascenseur;nb_logements_copro;charges_copro;chauffage_energie;chauffage_systeme;chauffage_mode;categorie_annonceur;logement_neuf;typedebien_lite;date;INSEE_COM;IRIS;CODE_IRIS;TYP_IRIS;DEP
pr;m;l;0;70;;3;800;;;0;0;0;0;0;;42.49302;9.43864;Non;;;;;0;;;;;;;;;;;;;;a;;m;2020-04;2B346;0000;2B3460000;Z;2B
pr;a;l;2;34;;1;480;;;0;0;0;0;C;112;42.68019;9.42777;0;0.0;;1.0;;0;D;1911.0;;;;;;False;;;;;;a;n;a;2020-04;2B033;0201;2B0330201;H;2B
pr;a;l;4;54;;3;590;;;0;0;0;0;C;136;42.68136;9.43787;0;0.0;;;;0;A;1956.0;;;;;;False;;;;;;a;n;a;2020-04;2B033;0301;2B0330301;H;2B
pr;a;l;0;57;;2;500;;;0;0;0;0;E;271;42.55127;9.41824;Non;;;;;0;C;;;;;;;;;;;;;a;;a;2020-04;2B042;0101;2B0420101;H;2B
pr;a;l;2;43;;2;595;;;0;0;0;0;C;144.38;42.67229;9.43388;0;0.0;;1.0;;0;C;1911.0;;;;;;False;;;;;;a;n;a;2020-04;2B033;0502;2B0330502;H;2B
pr;a;l;0;53;;2;730;;;0;0;0;0;C;146;42.30639;9.15567;0;;;;False;0;A;2011.0;;;;;;True;;;;;;a;n;a;2020-04;2B096;0102;2B0960102;H;2B
pr;m;l;0;155;;5;1880;;;0;0;0;0;D;185;42.70082;9.44494;0;0.0;;;False;0;E;1950.0;;;;;;;;;;;;a;n;m;2020-03;2B033;0604;2B0330604;H;2B
pr;a;l;0;65;;4;1000;;;0;0;0;0;B;60;42.55347;8.78971;Non;;;;;0;B;;;;;;;;;;;;;a;n;a;2020-03;2B050;0102;2B0500102;H;2B
pr;a;l;1;77;;3;735;;;0;0;0;1;E;266;42.69264;9.44404;0;6.0;;1.0;;0;F;;;;;;;True;;;;;Individuel;a;n;a;2020-03;2B033;0202;2B0330202;H;2B
pr;a;l;2;23;;1;498;;;0;0;0;0;E;287;42.31303;9.14991;0;4.0;;;;0;C;;;;;;;True;;;Électrique;Convecteur;Individuel;a;n;a;2020-03;2B096;0102;2B0960102;H;2B
pr;a;l;0;51;;3;580;;;0;0;0;0;C;136;42.31566;9.14821;0;;;;;0;A;;;;;;;;;;Électrique;Climatisation révérsible;Individuel;a;n;a;2020-03;2B096;0102;2B0960102;H;2B
pr;a;l;0;26;;1;500;;;0;0;0;0;E;327;42.29699;9.15876;0;;;;;0;C;;;;;;;;;;Électrique;;Individuel;a;n;a;2020-03;2B096;0102;2B0960102;H;2B
pr;m;l;0;94;;4;790;;;0;0;0;0;NS;;42.70079;9.36343;0;;;1.0;;0;;;;;;;;;;;;;;a;n;m;2020-03;2B205;0000;2B2050000;Z;2B
pr;m;l;0;84;;4;830;;;0;0;0;0;C;138;41.97634;9.36695;0;0.0;;;;Est;B;;;;;;;;;;;Convecteur;;a;n;m;2020-03;2B277;0000;2B2770000;Z;2B
pr;a;l;0;85;;3;600;;;0;0;0;0;0;;42.47056;9.48584;Oui;;;;;0;;;;;;;;;;;;;;a;n;a;2020-03;2B077;0000;2B0770000;Z;2B
pr;a;l;0;63;;3;700;;;0;0;0;0;B;81;42.49302;9.43864;Non;;;;;0;A;;;;;;;;;;;;;a;n;a;2020-03;2B346;0000;2B3460000;Z;2B
pr;a;l;0;43;;2;600;;;0;0;0;0;C;142;42.55994;9.44874;Oui;;;;;0;A;;;;;;;;;;;;;a;n;a;2020-03;2B042;0101;2B0420101;H;2B
pr;a;l;0;40;;2;400;;;0;0;0;0;0;;42.55127;9.41824;Non;;;;;0;;;;;;;;;;;;;;a;n;a;2020-03;2B042;0101;2B0420101;H;2B
pr;m;l;0;150;1100.0;5;2500;;;0;0;1;2;D;154;42.55946;9.43601;0;1.0;;3.0;False;0;D;1981.0;3.0;4.0;;False;;;;;Électrique;;Individuel;a;n;m;2020-03;2B042;0101;2B0420101;H;2B
pr;a;l;0;46;;2;500;;;0;0;0;0;C;126;42.55127;9.41824;Non;;;;;0;A;;;;;;;;;;;;;a;n;a;2020-03;2B042;0101;2B0420101;H;2B
pr;a;l;1;53;;3;660;;;0;0;0;1;D;197;42.6848;9.44432;0;5.0;;;;0;B;;;;;;;;;;;;Individuel;a;n;a;2020-03;2B033;0201;2B0330201;H;2B
pr;a;l;0;61;;3;730;;;0;0;0;1;E;243;42.68954;9.43394;0;2.0;;;;0;C;2015.0;;;;;;;;;;;Individuel;a;n;a;2020-03;2B033;0201;2B0330201;H;2B
pr;a;l;0;95;;3;1000;;;0;0;0;0;C;125;42.418;9.28429;Non;;;;;0;A;;;;;;;;;;;;;a;n;a;2020-03;2B122;0000;2B1220000;Z;2B
pr;a;l;0;66;;3;700;;;0;0;0;0;D;156;42.418;9.28429;Non;;;;;0;A;;;;;;;;;;;;;a;n;a;2020-03;2B122;0000;2B1220000;Z;2B
pr;m;l;0;93;;5;1000;;;0;0;0;0;C;148;42.418;9.28429;Non;;;;;0;B;;;;;;;;;;;;;a;n;m;2020-03;2B122;0000;2B1220000;Z;2B
pr;a;l;0;65;;3;700;;;0;0;0;0;D;202;42.418;9.28429;Non;;;;;0;B;;;;;;;;;;;;;a;n;a;2020-03;2B122;0000;2B1220000;Z;2B
pr;a;l;0;29;;1;400;;;0;0;0;0;C;146;42.55065;9.45202;Oui;;;;;0;A;;;;;;;;;;;;;a;n;a;2020-03;2B148;0000;2B1480000;Z;2B
pr;a;l;0;48;;2;500;;;0;0;0;0;E;232;42.53829;9.50817;Oui;;;;;0;C;;;;;;;;;;;;;a;n;a;2020-03;2B148;0000;2B1480000;Z;2B
pr;a;l;3;46;;2;685;;;0;0;0;0;0;;42.72349;9.45537;0;6.0;;;;Sud-Est;;;;;;;;;;;Électrique;Radiateur;Individuel;a;n;a;2020-03;2B305;0000;2B3050000;Z;2B
pr;a;l;0;53;;2;560;;;0;0;0;1;0;;42.69851;9.44449;0;5.0;;1.0;True;Est;;;1.0;1.0;;;;True;;;;;;a;n;a;2020-03;2B033;0601;2B0330601;H;2B
pr;a;l;4;90;;4;1050;;;0;0;1;0;0;;42.69971;9.4497;0;;;;False;0;;;1.0;;;;;True;;;;;;a;n;a;2020-03;2B033;0601;2B0330601;H;2B
pr;m;l;0;65;;3;900;;;0;0;0;0;0;;42.61951;9.42373;Non;;;;;0;;;;;;;;;;;;;;a;n;m;2020-03;2B037;0101;2B0370101;H;2B
pr;a;l;0;40;;2;456;;;0;1;1;0;A;27;42.6659;9.31672;0;0.0;;;;0;A;2016.0;;;;;;False;;;Électrique;Convecteur;Individuel;a;n;a;2020-03;2B185;0000;2B1850000;Z;2B
pr;m;l;0;90;;4;1000;;;0;0;0;1;E;239;42.65549;9.41754;0;;;2.0;;0;F;;;;;;;;;;;;Individuel;a;n;m;2020-03;2B120;0000;2B1200000;Z;2B
pr;a;l;0;34;;1;566;;;0;0;1;0;D;190;42.70592;9.453;0;8.0;;;;0;B;;;;;;;;;;;;Individuel;a;n;a;2020-03;2B033;0701;2B0330701;H;2B
pr;a;l;0;20;;1;300;;;0;0;0;0;0;;42.70311;9.45093;Non;;;;;0;;;;;;;;;;;;;;a;n;a;2020-03;2B033;0701;2B0330701;H;2B
pr;a;l;2;81;;4;730;;;0;0;0;1;C;139;42.74666;9.43321;0;;;1.0;True;Nord-Sud;D;;1.0;;;;;False;;;Gaz;;Collectif;a;n;a;2020-02;2B309;0000;2B3090000;Z;2B
pr;a;l;1;85;;4;830;;;0;0;0;1;0;;42.74881;9.45784;0;1.0;;1.0;;0;;;;;;;;;;;;;Individuel;a;n;a;2020-02;2B309;0000;2B3090000;Z;2B
pr;a;l;4;90;;4;926;;;0;0;0;0;D;170;42.30812;9.14997;0;5.0;;;;Est-Ouest;B;;;;;;;;;;Électrique;Convecteur;Individuel;a;n;a;2020-02;2B096;0101;2B0960101;H;2B
pr;a;l;0;29;;1;498;;;0;0;0;0;E;245;42.31268;9.15056;0;3.0;;;;0;B;;;;;;;True;;;Électrique;;Individuel;a;n;a;2020-02;2B096;0102;2B0960102;H;2B
pr;a;l;0;39;;2;490;;;0;0;0;1;E;305;42.81125;9.46754;0;1.0;;1.0;;0;C;;;;;;;;;;;;Individuel;a;n;a;2020-02;2B281;0000;2B2810000;Z;2B
pr;m;l;0;117;;6;1100;;;0;0;0;0;C;143;42.80944;9.48695;0;0.0;;;False;0;D;1930.0;;;;;;;;;;;;a;n;m;2020-02;2B281;0000;2B2810000;Z;2B
pr;a;l;0;61;59.0;3;650;;;0;0;0;0;C;;42.77964;9.4788;0;;;0.0;;0;;;;;;;;;;;;;;a;n;a;2020-02;2B043;0000;2B0430000;Z;2B
pr;a;l;5;80;;4;800;;;0;0;0;0;C;113.35;42.68981;9.43333;0;0.0;;;;0;D;;;;;;;False;;;;;;a;n;a;2020-02;2B033;0201;2B0330201;H;2B
pr;a;l;3;58;;2;605;;;0;0;0;0;D;156.62;42.68028;9.4275;0;0.0;;;;0;B;;;;;;;False;;;;;;a;n;a;2020-02;2B033;0201;2B0330201;H;2B
pr;a;l;0;46;;2;640;;;0;0;0;0;0;;42.64688;9.43671;Non;;;;;0;;;;;;;;;;;;;;a;n;a;2020-02;2B120;0000;2B1200000;Z;2B
pr;a;l;2;45;;2;520;;;0;1;0;1;A;40;42.66109;9.31954;0;0.0;;;;0;A;2015.0;;1.0;;;;False;;;Électrique;Convecteur;Individuel;a;n;a;2020-02;2B185;0000;2B1850000;Z;2B
pr;a;l;0;92;;4;1110;;;0;0;1;0;C;93;42.70878;9.45144;0;5.0;;1.0;;0;A;2013.0;1.0;2.0;;True;;True;;;Électrique;;Individuel;a;n;a;2020-02;2B033;0701;2B0330701;H;2B
pr;a;l;2;42;;2;560;;;0;0;1;0;C;140;42.44421;9.51024;0;;;;;0;;;;;;;;;;;;;;a;n;a;2020-02;2B207;0000;2B2070000;Z;2B
pr;m;l;0;93;;4;1100;;;0;0;0;2;D;177;42.52996;9.45691;0;;;4.0;;0;B;;;;;;;;;;;;Individuel;a;n;m;2020-02;2B148;0000;2B1480000;Z;2B
pr;a;l;0;62;;3;790;;;0;0;1;0;D;178;42.54957;9.44724;0;4.0;;;;0;B;;1.0;;;;;;;;;;Individuel;a;n;a;2020-02;2B148;0000;2B1480000;Z;2B
pr;a;l;1;37;;2;570;;;0;0;1;0;D;156;42.53949;9.44424;0;;;;;0;;;;;;;;;;;;;;a;n;a;2020-02;2B148;0000;2B1480000;Z;2B
pr;a;l;0;43;;2;560;;;0;0;1;0;VI;;42.54682;9.45647;0;2.0;;2.0;;0;VI;2019.0;;1.0;;;;True;;;;;Individuel;a;n;a;2020-02;2B148;0000;2B1480000;Z;2B
pr;m;l;0;93;;4;1100;;;0;0;0;2;D;177;42.53411;9.45841;0;;;4.0;;0;B;;;;;;;;;;;;Individuel;a;n;m;2020-02;2B148;0000;2B1480000;Z;2B
pr;a;l;1;62;;3;770;;;0;0;0;0;D;165;42.55729;8.75715;0;0.0;;;;0;B;1911.0;;;;;;False;;;;;;a;n;a;2020-02;2B050;0102;2B0500102;H;2B
pr;a;l;1;44;;2;630;;;0;0;0;0;D;201;42.63205;8.94615;0;0.0;;;;0;B;1911.0;;;;;;False;;;;;;a;n;a;2020-02;2B134;0000;2B1340000;Z;2B
pr;a;l;4;70;;3;670;;;0;2;1;0;0;;42.70022;9.44978;0;;;;False;Sud;;;1.0;;;;;True;;;;;;a;n;a;2020-02;2B033;0601;2B0330601;H;2B
pr;a;l;0;41;;2;630;;;0;0;1;0;B;53;42.6818;9.30367;0;;;;;0;;;;;;;;;;;;;;a;n;a;2020-02;2B298;0000;2B2980000;Z;2B
pr;a;l;6;30;;2;540;;;0;1;1;0;0;;42.69971;9.4497;0;6.0;;;False;0;;;1.0;;;;;False;;;;;;a;n;a;2020-02;2B033;0601;2B0330601;H;2B
pr;a;l;0;37;;2;580;;;0;0;0;0;F;;42.69894;9.44591;0;;;1.0;;0;;;;;;;;;;;;;;a;n;a;2020-02;2B033;0601;2B0330601;H;2B
pr;m;l;0;190;1500.0;6;2850;;;0;0;1;1;0;;42.70036;9.44923;0;1.0;;;False;0;;;3.0;;;;;;;;;;;a;n;m;2020-02;2B033;0601;2B0330601;H;2B
pr;m;l;0;142;;5;1460;;;0;0;0;2;C;95;42.61989;9.44504;0;;;10.0;;0;B;;;;;;;;;;;;Individuel;a;n;m;2020-02;2B037;0101;2B0370101;H;2B
pr;a;l;0;72;;3;818;;;0;0;0;0;0;;42.61988;9.43093;0;;;0.0;;0;;;;;;;;;;;;;;a;n;a;2020-02;2B037;0101;2B0370101;H;2B
pr;a;l;0;86;;4;950;;;0;0;0;0;C;;42.61568;9.43601;0;;;0.0;;0;;;;;;;;;;;;;;a;n;a;2020-02;2B037;0101;2B0370101;H;2B
pr;a;l;5;145;;5;1100;;;0;0;1;1;0;;42.72044;9.45518;0;;;1.0;True;Est;;;;;;;;True;;;;;Individuel;a;n;a;2020-02;2B305;0000;2B3050000;Z;2B
pr;a;l;0;22;;1;430;;;0;0;0;0;0;;42.70668;9.44603;Non;;;;;0;;;;;;;;;;;Électrique;Radiateur;;a;n;a;2020-02;2B033;0702;2B0330702;H;2B
pr;a;l;0;34;;2;570;;;0;0;0;0;0;;42.70668;9.44603;Non;;;;;0;;;;;;;;;;;Électrique;Radiateur;;a;n;a;2020-02;2B033;0702;2B0330702;H;2B
pr;a;l;6;73;;3;765;;;0;0;0;1;D;181;42.68009;9.44328;0;6.0;;;;0;B;1911.0;;1.0;;;;True;;;;Radiateur;;a;n;a;2020-02;2B033;0302;2B0330302;H;2B
pr;a;l;2;88;;4;1200;;;0;0;0;0;C;110;42.6804;9.44251;0;0.0;;;;0;A;2015.0;;;;;;False;;;;;;a;n;a;2020-02;2B033;0302;2B0330302;H;2B
pr;a;l;0;69;;3;720;;;0;0;1;0;D;169;42.67999;9.44344;0;;;;;0;E;;1.0;;;;;;;;;;Individuel;a;n;a;2020-02;2B033;0302;2B0330302;H;2B
pr;a;l;2;35;;2;550;;;0;0;0;1;D;211.94;42.68264;9.44428;0;0.0;;;;0;B;1975.0;;;;;;False;;;;Radiateur;;a;n;a;2020-02;2B033;0302;2B0330302;H;2B
pr;m;l;0;111;3000.0;6;950;;;0;0;0;0;E;275;42.38211;9.52954;0;2.0;;;False;Est;C;1948.0;;;;;;;;;;;;a;n;m;2020-02;2B307;0000;2B3070000;Z;2B
pr;a;l;0;44;;2;610;;;0;0;1;0;C;145;42.37871;9.52692;0;;;1.0;;0;A;2000.0;1.0;;;;;;;;;;Individuel;a;n;a;2020-02;2B307;0000;2B3070000;Z;2B
pr;a;l;0;34;;2;540;;;0;0;1;0;D;173;42.39152;9.53181;0;1.0;;;False;Est;A;2014.0;2.0;1.0;;;;False;;;;;Individuel;a;n;a;2020-02;2B307;0000;2B3070000;Z;2B
pr;a;l;1;34;;2;540;;;0;0;1;0;D;165;42.39152;9.53181;0;1.0;;;False;Est;A;2014.0;2.0;1.0;;;;False;;;;;Individuel;a;n;a;2020-02;2B307;0000;2B3070000;Z;2B
pr;a;lt;4;43;;2;1999;;;0;1;0;1;0;0;48.87335;2.31943;0;;;;;0;;;;;;;;;;;;;;a;n;a;2020-02;75108;3104;751083104;A;75
pr;a;l;0;47;;2;590;;;0;0;1;0;D;189;42.50806;9.45625;0;0.0;;;;0;B;2009.0;;1.0;;;;False;;;Électrique;;Individuel;a;n;a;2020-02;2B346;0000;2B3460000;Z;2B
pr;a;l;1;28;;2;470;;;0;0;1;0;A;;42.69605;9.45173;0;3.0;;;False;0;A;;1.0;;;;;;;;Électrique;;Individuel;a;n;a;2020-02;2B033;0102;2B0330102;H;2B
pr;a;l;0;65;;2;690;;;0;0;0;0;D;170;42.69783;9.44968;0;;;;False;0;;;;;;;;;;;;;;a;n;a;2020-02;2B033;0102;2B0330102;H;2B
pa;a;l;0;36;;2;490;;;0;0;0;0;0;0;42.69582;9.44951;0;;;;;0;;;;;;;;;;;;;;a;n;a;2020-02;2B033;0102;2B0330102;H;2B
pr;a;l;0;54;;2;515;;;0;0;0;0;G;480;42.69728;9.45088;0;;;;;0;;;;;;;;;;;;;;a;n;a;2020-02;2B033;0102;2B0330102;H;2B
pr;a;l;0;67;;3;870;;;0;0;1;0;VI;;42.69743;9.44914;0;3.0;;;;0;G;;;;;;;False;;;;;Individuel;a;n;a;2020-02;2B033;0102;2B0330102;H;2B
pr;a;l;0;41;;2;615;;;0;0;0;0;D;;42.69728;9.45088;0;;;0.0;;0;;;;;;;;;;;;;;a;n;a;2020-02;2B033;0102;2B0330102;H;2B
pr;a;l;1;114;;4;879;;;0;0;0;2;C;112.01;42.69743;9.45023;0;6.0;;;;0;;;;;;;;;;;;;Individuel;a;n;a;2020-02;2B033;0102;2B0330102;H;2B
pr;a;l;0;53;;2;600;;;0;0;0;0;C;;42.69509;9.44829;0;;;0.0;;0;;;;;;;;;;;;;;a;n;a;2020-02;2B033;0102;2B0330102;H;2B
pr;a;l;0;31;;2;550;;;0;0;0;0;E;244;42.10414;9.51193;0;3.0;;;;Sud;C;;;;;;;;;;Électrique;Climatisation révérsible;Individuel;a;n;a;2020-02;2B009;0000;2B0090000;Z;2B
pr;a;l;0;70;;4;720;;;0;0;0;0;D;176;42.10441;9.51215;0;1.0;;;;Est;B;;;;;;;;;;;;Individuel;a;n;a;2020-02;2B009;0000;2B0090000;Z;2B
pr;a;l;0;25;;1;400;;;0;0;0;0;D;178;42.10414;9.51193;0;;;;;Nord;B;;;;;;;;;;;;Individuel;a;n;a;2020-02;2B009;0000;2B0090000;Z;2B
pr;a;l;3;64;;4;736;;;0;0;0;0;C;148;42.5583;8.75228;0;;;;False;0;D;1962.0;;;;True;;False;;;;;;a;n;a;2020-02;2B050;0101;2B0500101;H;2B
pr;a;l;2;97;;4;700;;;0;0;1;1;E;277;42.33086;9.4901;0;;;;False;Sud;B;;1.0;;;;;False;;;;;Individuel;a;n;a;2020-02;2B087;0000;2B0870000;Z;2B
pr;m;l;0;18;;1;410;;;0;0;0;1;E;275;42.59537;9.4989;0;;;1.0;;0;B;;;;;;;;;;;;Individuel;a;n;m;2020-02;2B042;0102;2B0420102;H;2B
pr;a;l;1;90;;4;700;;;0;0;0;0;0;0;42.56232;9.44244;0;;;;;0;;;;;;;;;;;;;;a;n;a;2020-02;2B042;0102;2B0420102;H;2B
pr;m;l;0;49;;3;617;;;0;0;0;1;D;177;42.59536;9.49901;0;;;1.0;;0;B;;;;;;;;;;;;Individuel;a;n;m;2020-02;2B042;0102;2B0420102;H;2B
pr;a;l;0;87;;4;750;;;0;0;0;0;E;324;42.42603;9.52256;0;;;;;0;;;;;;;;;;;;;;a;n;a;2020-02;2B319;0000;2B3190000;Z;2B
pr;a;l;1;57;;3;600;;;0;0;0;0;D;168;42.69883;9.44225;0;0.0;;;;0;E;;;;;;;False;;;;;;a;n;a;2020-02;2B033;0604;2B0330604;H;2B
pr;a;l;0;42;;2;615;;;0;0;0;0;C;;42.70258;9.44082;0;;;0.0;;0;;;;;;;;;;;;;;a;n;a;2020-02;2B033;0604;2B0330604;H;2B
pr;a;l;0;60;;3;580;;;0;0;1;0;D;229;42.5595;9.42927;0;;;;;0;;;;;;;;;;;;;;a;n;a;2020-02;2B042;0101;2B0420101;H;2B
pr;a;l;0;70;;4;600;;;0;0;0;0;D;230;42.5595;9.42927;Non;;;;;0;B;;;;;;;;;;;;;a;n;a;2020-02;2B042;0101;2B0420101;H;2B
pr;a;l;0;60;;3;610;;;0;0;0;0;D;204;42.55556;9.4426;Oui;;;;;0;E;;;;;;;;;;;;;a;n;a;2020-02;2B042;0101;2B0420101;H;2B
pr;a;l;3;79;;3;770;;;0;0;0;0;C;128;42.55127;9.41824;0;;;;;0;;;;;;;;;;;;;;a;n;a;2020-02;2B042;0101;2B0420101;H;2B
pr;a;l;0;41;;2;570;;;0;0;0;0;C;117;42.55127;9.41824;Non;;;;;0;A;;;;;;;;;;;;;a;n;a;2020-02;2B042;0101;2B0420101;H;2B
pr;a;l;1;95;;4;813;;;0;0;0;0;D;155;42.55127;9.41824;0;;;;;0;;;;;;;;;;;;;;a;n;a;2020-02;2B042;0101;2B0420101;H;2B
pr;m;l;0;87;;5;1090;;;0;0;1;1;C;137;42.56125;9.44182;0;;;;;0;;;;;;;;;;;;;;a;n;m;2020-02;2B042;0101;2B0420101;H;2B
pr;a;l;2;68;;3;770;;;0;0;0;0;C;132;42.37454;9.5291;0;2.0;;;;Ouest;A;;;;;True;;True;;;Électrique;Climatisation révérsible;;a;n;a;2020-02;2B313;0000;2B3130000;Z;2B
pr;a;lt;3;31;;2;1543;;;0;1;1;0;A;50;45.75781;4.84142;0;;;;;0;;;;;;;;;;;;;;a;n;a;2020-02;69383;0105;693830105;H;69
pr;a;l;3;79;;3;820;;;0;0;0;0;B;83;42.68428;9.44408;0;0.0;;;;0;D;1991.0;;;;;;False;;;;;;a;n;a;2020-01;2B033;0302;2B0330302;H;2B
pr;a;l;5;27;;1;500;;;0;0;0;0;D;221;42.68066;9.44348;0;0.0;;;;0;B;;;;;;;False;;;;;;a;n;a;2020-01;2B033;0302;2B0330302;H;2B
pr;a;l;0;28;;1;390;;;0;0;1;0;C;135;42.68071;9.44311;0;1.0;;;False;0;A;1984.0;1.0;;;False;;False;;;;;Individuel;a;n;a;2020-01;2B033;0302;2B0330302;H;2B
pr;a;l;0;40;;2;550;;;0;1;1;0;D;217;42.68388;9.44401;0;5.0;;;;0;E;1965.0;;;;;;True;;;;Radiateur;Individuel;a;n;a;2020-01;2B033;0302;2B0330302;H;2B
pr;a;lt;3;50;;2;1840;;;0;0;1;1;A;0;45.7586;4.84306;0;;;;;0;;;;;;;;;;;;;;a;n;a;2020-01;69383;0105;693830105;H;69
pr;a;l;0;54;;3;650;;;0;0;1;0;D;203;42.70562;9.4475;0;5.0;;1.0;True;0;D;1967.0;1.0;1.0;;True;;False;;;Gaz;;Individuel;a;n;a;2020-01;2B033;0702;2B0330702;H;2B
pr;a;l;1;65;;3;730;;;0;0;0;0;C;125;42.70567;9.44852;0;3.0;;;;Est-Ouest;D;;;;;;;;;;Électrique;Convecteur;Individuel;a;n;a;2020-01;2B033;0702;2B0330702;H;2B
pr;a;l;1;99;;3;800;;;0;0;0;0;C;125;42.7041;9.44394;0;;;;;Est-Ouest;C;;;;;;;True;;;Électrique;Convecteur;Individuel;a;n;a;2020-01;2B033;0702;2B0330702;H;2B
pa;a;l;0;45;;2;600;;;0;1;1;0;0;0;42.70366;9.44903;0;;;;;0;;;;;;;;;;;;;;a;n;a;2020-01;2B033;0702;2B0330702;H;2B
pr;a;l;0;27;;1;500;;;0;0;0;0;D;194;42.72305;9.45602;0;4.0;;;;Est;E;;;;;;;;;;Électrique;Climatisation révérsible;Individuel;a;n;a;2020-01;2B305;0000;2B3050000;Z;2B
pr;a;l;1;45;;2;550;;;0;0;0;1;C;150;42.71894;9.45434;0;;;;False;Est-Ouest;;1980.0;1.0;;;;;;;;Électrique;;Individuel;a;n;a;2020-01;2B305;0000;2B3050000;Z;2B
pa;m;l;0;50;;2;720;;;0;0;0;0;D;160;42.74026;9.45862;0;;;;;0;;;;;;;;;;;;;;a;n;m;2020-01;2B305;0000;2B3050000;Z;2B
pr;m;l;0;138;400.0;4;1180;;;0;0;2;1;C;124;42.4931;9.43819;0;;;2.0;;0;A;2010.0;3.0;2.0;;True;;;;;;;Individuel;a;n;m;2020-01;2B346;0000;2B3460000;Z;2B
pr;a;l;0;81;;4;880;;;0;0;0;0;A;48;42.49302;9.43864;0;;;;;0;;;;;;;;;;;;;;a;n;a;2020-01;2B346;0000;2B3460000;Z;2B
pr;a;l;2;45;;2;650;;;0;1;1;0;0;0;42.69281;9.45177;0;;;;;0;;;;;;;;;;;;;;a;n;a;2020-01;2B033;0101;2B0330101;H;2B
pr;a;l;3;98;;4;910;;;0;1;0;1;C;116;42.6947;9.4467;0;;;;;0;;;;;;;;;;;;;;a;n;a;2020-01;2B033;0101;2B0330101;H;2B
pr;a;l;0;74;;2;665;;;0;0;0;0;E;322.08;42.69426;9.45;0;0.0;;;;0;C;1911.0;;;;;;False;;;;;;a;n;a;2020-01;2B033;0101;2B0330101;H;2B
pr;a;l;1;48;;3;680;;;0;0;0;0;0;;42.69268;9.45144;0;0.0;;;;0;;;;;;;;False;;;;;;a;n;a;2020-01;2B033;0101;2B0330101;H;2B
pr;a;l;3;68;;3;690;;;0;0;0;0;0;;42.70075;9.45014;0;0.0;;;;0;;;;;;;;False;;;;;;a;n;a;2020-01;2B033;0601;2B0330601;H;2B
pr;a;l;1;58;;3;720;;;0;2;0;1;0;;42.69971;9.4497;0;;;;False;Est-Ouest;;;1.0;;;;;True;;;;;;a;n;a;2020-01;2B033;0601;2B0330601;H;2B
pr;a;l;0;42;;2;600;;;0;0;1;0;0;0;42.7;9.44945;0;;;;;0;;;;;;;;;;;;;;a;n;a;2020-01;2B033;0601;2B0330601;H;2B
pr;a;l;0;33;;2;600;;;0;0;0;1;E;279;42.69889;9.44588;0;4.0;;1.0;;0;C;;;;;;;;;;;;Individuel;a;n;a;2020-01;2B033;0601;2B0330601;H;2B
pr;a;l;6;21;;1;485;;;0;0;0;0;C;102.99;42.69885;9.44913;0;0.0;;;;0;A;1991.0;;;;;;False;;;;;;a;n;a;2020-01;2B033;0601;2B0330601;H;2B
pr;a;l;0;64;;3;700;;;0;0;0;0;D;;42.62331;9.4337;0;;;1.0;;0;;;;;;;;;;;;;;a;n;a;2020-01;2B037;0101;2B0370101;H;2B
pr;a;l;0;63;;3;680;;;0;0;0;0;D;200;42.61834;9.4385;0;3.0;;;;Nord-Sud;E;;;;;;;;;;Électrique;Convecteur;Individuel;a;n;a;2020-01;2B037;0101;2B0370101;H;2B
pr;a;l;0;33;;1;400;;;0;0;0;0;0;;42.61082;9.47529;0;;;;False;0;;;;;;;;;;;;;;a;n;a;2020-01;2B037;0101;2B0370101;H;2B
pr;a;l;0;26;;1;438;;;0;0;1;0;D;176;42.38918;9.53119;0;4.0;;;False;Est;A;;1.0;1.0;;;;;;;Électrique;Radiateur;Individuel;a;n;a;2020-01;2B307;0000;2B3070000;Z;2B
pr;a;l;0;38;;2;560;;;0;0;1;0;C;144;42.37942;9.52708;0;2.0;;1.0;False;Est;A;2016.0;1.0;1.0;;;;False;;;;;Individuel;a;n;a;2020-01;2B307;0000;2B3070000;Z;2B
pr;a;l;4;28;;1;510;;;0;0;0;0;E;276.89;42.70779;9.44229;0;0.0;;1.0;;0;C;;;;;;;False;;;;;;a;n;a;2020-01;2B353;0000;2B3530000;Z;2B
pr;a;l;0;70;;3;760;;;0;0;0;1;C;120;42.7137;9.42812;0;4.0;;1.0;;0;D;;1.0;1.0;;;;;;;Gaz;Radiateur;Individuel;a;n;a;2020-01;2B353;0000;2B3530000;Z;2B
pr;a;l;7;80;;3;720;;;0;0;0;0;C;150;42.71091;9.45211;0;7.0;;;;Sud-Ouest;C;;;;;True;;True;;;Gaz;;Individuel, Central;a;n;a;2020-01;2B353;0000;2B3530000;Z;2B
pr;a;l;1;64;;3;750;;;0;0;1;0;C;150;42.65585;9.44365;0;1.0;;1.0;False;0;E;;1.0;;;;;;;;;;;a;n;a;2020-01;2B120;0000;2B1200000;Z;2B
pr;a;l;3;69;;3;730;;;0;0;0;1;D;151;42.66055;9.42283;0;;;;;0;;;;;;;;;;;;;;a;n;a;2020-01;2B120;0000;2B1200000;Z;2B
pr;m;l;0;140;;5;1500;;;0;1;1;1;C;102;42.65358;9.42697;0;;;;;0;;;;;;;;;;;;;;a;n;m;2020-01;2B120;0000;2B1200000;Z;2B
pr;a;l;0;41;40.0;2;620;;;0;0;0;0;E;;42.66066;9.4361;0;;;0.0;;0;;;;;;;;;;;;;;a;n;a;2020-01;2B120;0000;2B1200000;Z;2B
pr;a;l;1;43;;2;567;;;0;0;0;0;A;40;42.6659;9.31672;0;0.0;;;;0;A;2010.0;;;;;;False;;;;;;a;n;a;2020-01;2B185;0000;2B1850000;Z;2B
pr;a;l;0;36;;2;610;;;0;0;0;0;0;;42.70384;9.45183;0;0.0;;;;0;;1991.0;;;;;;False;;;;;;a;n;a;2020-01;2B033;0701;2B0330701;H;2B
pr;a;l;5;50;;2;615;;;0;0;0;0;0;;42.7046;9.45153;0;0.0;;;;0;;;;;;;;False;;;;;;a;n;a;2020-01;2B033;0701;2B0330701;H;2B
pr;a;l;2;45;;2;540;;;0;0;0;0;0;;42.70189;9.45032;0;2.0;;;False;0;;;;;;;;;;;Électrique;;Individuel;a;n;a;2020-01;2B033;0701;2B0330701;H;2B
pr;a;l;0;31;;1;490;;;0;0;0;1;0;;42.70192;9.45038;0;;;1.0;True;0;;;1.0;;;;;True;;;Électrique;;Individuel;a;n;a;2020-01;2B033;0701;2B0330701;H;2B
pr;a;l;0;25;;1;500;;;0;0;0;0;D;188;42.70826;9.4513;0;2.0;;;;Est;E;;;;;True;;;;;Électrique;Convecteur;Individuel;a;n;a;2020-01;2B033;0701;2B0330701;H;2B
pr;a;l;3;70;;3;740;;;0;0;0;0;E;236;42.70187;9.45027;0;5.0;;;;Sud-Ouest;E;;;;;True;;;;;Électrique;Convecteur;Individuel;a;n;a;2020-01;2B033;0701;2B0330701;H;2B
pr;a;lt;2;18;;1;1243;;;0;1;1;0;A;50;45.75985;4.83336;0;;;;;0;;;;;;;;;;;;;;a;n;a;2020-01;69382;0202;693820202;H;69
pr;a;l;1;35;;2;565;;;0;2;1;0;E;291;42.54483;9.51567;0;0.0;;1.0;;0;C;1991.0;;;;;;False;;;Électrique;;Individuel;a;n;a;2020-01;2B148;0000;2B1480000;Z;2B
pr;a;l;1;75;;3;620;;;0;0;1;0;D;174;42.51989;9.44066;0;0.0;;;;0;E;1972.0;;2.0;;;;False;;;Gaz;Radiateur;Individuel;a;n;a;2020-01;2B148;0000;2B1480000;Z;2B
pr;m;l;0;90;;4;1100;;;0;0;0;0;C;125;42.53881;9.46676;0;;;;;Sud-Est-Ouest;D;;;;;;;;;;Électrique;Climatisation révérsible;Individuel;a;n;m;2020-01;2B148;0000;2B1480000;Z;2B
pr;a;l;4;30;;1;489;;;0;0;0;0;C;114;42.55088;9.45284;0;;;1.0;False;0;A;;;;;;;True;;;Électrique;;Individuel;a;n;a;2020-01;2B148;0000;2B1480000;Z;2B
pr;a;l;0;72;;3;760;;;0;0;1;0;D;;42.53769;9.45331;0;5.0;;;;0;VI;2015.0;1.0;1.0;;;;True;;;Électrique;;Individuel;a;n;a;2020-01;2B148;0000;2B1480000;Z;2B
pr;a;l;4;45;;2;554;;;0;0;0;0;C;115;42.55065;9.45202;0;;;;;0;;;;;;;;;;;;;;a;n;a;2020-01;2B148;0000;2B1480000;Z;2B
pr;a;l;0;40;;1;690;;;0;0;0;0;0;0;42.5502;9.46075;0;;;;;0;;;;;;;;;;;;;;a;n;a;2020-01;2B148;0000;2B1480000;Z;2B
pr;a;l;1;70;;3;768;;;0;0;0;0;0;0;42.418;9.28429;0;;;;;0;;;;;;;;;;;;;;a;n;a;2020-01;2B122;0000;2B1220000;Z;2B
pr;a;l;4;100;;5;890;;;0;0;0;0;C;128;42.418;9.28429;0;;;;;0;;;;;;;;;;;;;;a;n;a;2020-01;2B122;0000;2B1220000;Z;2B
pr;m;l;0;78;;3;770;;;0;0;0;0;C;119;42.44581;9.5078;0;;;;;0;;;;;;;;;;;;;;a;n;m;2020-01;2B207;0000;2B2070000;Z;2B
pr;a;l;2;80;;4;784;;;0;1;1;1;0;0;42.6949;9.44314;0;;;;;0;;;;;;;;;;;;;;a;n;a;2020-01;2B033;0202;2B0330202;H;2B
pr;a;l;0;49;;3;690;;;0;0;1;0;D;183;42.67898;9.4353;0;9.0;;1.0;True;0;B;1980.0;1.0;;;True;;True;;;;;Individuel;a;n;a;2020-01;2B033;0501;2B0330501;H;2B
pr;m;l;0;90;;4;900;;;0;0;0;0;D;202;42.11449;9.51339;0;0.0;;;;0;B;;;;;;;;;;Bois, Électrique;Climatisation révérsible;;a;n;m;2020-01;2B009;0000;2B0090000;Z;2B
pr;a;l;1;75;;3;660;;;0;0;0;0;C;130;42.1148;9.50717;0;;;;;Sud;B;;;;;;;;;;Gaz;;Collectif;a;n;a;2020-01;2B009;0000;2B0090000;Z;2B
pr;a;l;0;68;;2;565;;;0;0;0;0;D;153;42.11514;9.51097;0;1.0;;;;Ouest;E;;;;;;;;;;Électrique;;Individuel;a;n;a;2020-01;2B009;0000;2B0090000;Z;2B
pr;a;l;3;117;;6;1150;;;0;1;0;2;D;160;42.70511;9.44113;0;;;;;0;;;;;;;;;;;;;;a;n;a;2020-01;2B033;0603;2B0330603;H;2B
pr;a;l;3;60;;3;690;;;0;0;0;0;C;116;42.70926;9.44896;0;0.0;;1.0;;0;D;1911.0;;;;;;False;;;;;;a;n;a;2020-01;2B033;0603;2B0330603;H;2B
pr;a;l;4;31;;1;548;;;0;0;0;0;0;;42.55237;9.44769;0;4.0;;;;Ouest;;;;;;True;;True;;;Électrique;Climatisation révérsible;Individuel;a;n;a;2020-01;2B042;0101;2B0420101;H;2B
pr;a;l;0;75;;3;780;;;0;0;0;2;C;131.0;42.55619;9.43132;0;1.0;;2.0;;0;A;;;;;;;;;;;;Individuel;a;n;a;2020-01;2B042;0101;2B0420101;H;2B
pr;a;l;1;75;;3;780;;;0;0;0;1;C;131.0;42.55228;9.43945;0;2.0;;2.0;;0;A;;;;;;;;;;;;Individuel;a;n;a;2020-01;2B042;0101;2B0420101;H;2B
pr;a;l;2;50;;2;554;;;0;0;0;0;C;125;42.55127;9.41824;0;;;;;0;;;;;;;;;;;;;;a;n;a;2020-01;2B042;0101;2B0420101;H;2B
pr;a;l;2;44;;2;562;;;0;0;0;0;D;189;42.55127;9.41824;0;;;;;0;;;;;;;;;;;;;;a;n;a;2020-01;2B042;0101;2B0420101;H;2B
pr;a;l;3;54;;2;620;;;0;0;0;0;D;160;42.6801;9.42721;0;0.0;;1.0;;0;B;;;;;;;False;;;;;;a;n;a;2020-01;2B033;0201;2B0330201;H;2B
pr;a;l;6;42;;2;650;;;0;0;0;0;C;128;42.67994;9.42807;0;0.0;;;;0;A;;;;;;;False;;;;;;a;n;a;2020-01;2B033;0201;2B0330201;H;2B
pr;a;l;1;50;;2;550;;;0;0;0;0;D;217;42.68028;9.42773;0;0.0;;1.0;;0;E;;;;;;;False;;;;;;a;n;a;2020-01;2B033;0201;2B0330201;H;2B
pr;a;l;1;39;;1;550;;;0;0;0;0;C;149;42.68519;9.42069;0;5.0;;;;Sud;D;;;;;True;;True;;;Gaz;;Individuel, Central;a;n;a;2020-01;2B033;0201;2B0330201;H;2B
pr;a;l;2;85;;3;850;;;0;0;0;0;B;84;42.68623;9.44009;0;3.0;;;;Sud-Est;A;;;;;;;True;;;Électrique;Climatisation révérsible;;a;n;a;2020-01;2B033;0201;2B0330201;H;2B
pr;a;l;2;52;;2;710;;;0;0;1;0;0;0;42.69161;9.44105;0;;;;;0;;;;;;;;;;;;;;a;n;a;2020-01;2B033;0201;2B0330201;H;2B
pr;a;l;0;33;;1;500;;;0;0;0;0;0;;42.68164;9.43917;0;3.0;;;;Ouest;;;;;;;;;;;Électrique;Pompe à chaleur, Climatisation révérsible;Individuel;a;n;a;2020-01;2B033;0301;2B0330301;H;2B
pr;a;lt;4;57;;3;1800;;;0;1;1;0;A;50;45.7533;4.80997;0;;;;;0;;;;;;;;;;;;;;a;n;a;2020-01;69385;0402;693850402;H;69
pr;m;l;0;31;;2;600;;;0;0;0;0;0;;42.76438;9.45867;0;;;;;Nord-Sud;;;;;;;;;;;Électrique;Convecteur;Individuel;a;n;m;2020-01;2B043;0000;2B0430000;Z;2B
pr;a;l;1;45;;2;465;;;0;0;0;0;C;128;41.98304;9.39994;0;;;;;0;;;;;;;;;;;;;;a;n;a;2020-01;2B251;0000;2B2510000;Z;2B
pa;a;l;0;48;;2;720;;;0;0;0;0;0;0;42.01524;9.40464;0;;;;;0;;;;;;;;;;;;;;a;n;a;2020-01;2B123;0000;2B1230000;Z;2B
pr;a;l;0;48;;2;600;;;0;0;0;0;E;264;42.30727;9.15018;0;;;;;0;B;;;;;;;;;;;Radiateur;;a;n;a;2020-01;2B096;0101;2B0960101;H;2B
pr;a;l;4;30;;2;500;;;0;0;0;0;0;;42.30396;9.15044;0;5.0;;;;0;;;;;;;;;;;Électrique;Convecteur;Individuel;a;n;a;2020-01;2B096;0101;2B0960101;H;2B
pr;a;l;0;25;;1;450;;;0;0;0;0;0;;42.30999;9.14829;0;;;;;0;;;;;;;;;;;Électrique;Radiateur;Individuel;a;n;a;2020-01;2B096;0101;2B0960101;H;2B
pr;a;l;0;75;;1;565;;;0;0;0;0;0;;42.30413;9.15069;0;;;;;Sud;;;;;;;;;;;;;Individuel;a;n;a;2020-01;2B096;0101;2B0960101;H;2B
pr;a;l;1;69;;3;800;;;0;0;0;0;E;279;42.3102;9.15076;0;4.0;;;;0;F;;;;;;;;;;Fioul;;Collectif;a;n;a;2020-01;2B096;0101;2B0960101;H;2B
pr;a;l;0;51;;3;730;;;0;0;0;0;E;249;42.30572;9.15296;0;0.0;;;;0;B;;;;;;;;;;Électrique;Convecteur;Individuel;a;n;a;2020-01;2B096;0101;2B0960101;H;2B
pa;a;l;0;35;;2;500;;;0;0;0;1;D;203;42.37545;9.52086;0;;;;;0;;;;;;;;;;;;;;a;n;a;2020-01;2B313;0000;2B3130000;Z;2B
pr;a;l;0;54;;3;624;;;0;0;0;0;C;148.0;42.55801;8.75325;0;;;;False;0;D;1962.0;;;;True;;False;;;;;;a;n;a;2020-01;2B050;0101;2B0500101;H;2B
pr;a;l;3;93;;5;650;;;0;0;1;0;VI;;42.33192;9.48969;0;3.0;;;False;Sud-Est;VI;;1.0;;;;;False;;;Électrique;Radiateur;Individuel;a;n;a;2020-01;2B087;0000;2B0870000;Z;2B
pr;a;lt;3;55;;2;708;;;0;0;0;1;E;284;45.76651;4.86809;0;;;;;0;;;;;;;;;;;;;;a;n;a;2020-01;69266;0101;692660101;H;69
pr;a;l;1;68;;3;680;;;0;0;0;0;C;137;42.70046;9.44022;0;0.0;;;;0;E;2000.0;;;;;;False;;;;;;a;n;a;2020-01;2B033;0604;2B0330604;H;2B
pr;a;l;5;64;;3;750;;;0;0;0;0;E;279.69;42.707;9.43182;0;0.0;;;;0;C;1911.0;;;;;;False;;;;;;a;n;a;2020-01;2B033;0604;2B0330604;H;2B
pr;a;l;1;39;;2;550;;;0;0;0;0;D;175;42.70046;9.44022;0;0.0;;;;0;E;2000.0;;;;;;False;;;;;;a;n;a;2020-01;2B033;0604;2B0330604;H;2B
pr;a;l;0;36;;1;530;;;0;0;0;0;D;180;42.63208;8.9463;0;0.0;;;;0;B;1911.0;;;;;;False;;;;;;a;n;a;2020-01;2B134;0000;2B1340000;Z;2B
pr;a;l;2;55;;3;730;;;0;0;0;0;B;80.0;42.63175;8.94652;0;3.0;;;;0;A;1911.0;;;;;;False;;;;;;a;n;a;2020-01;2B134;0000;2B1340000;Z;2B
pr;a;l;1;40;;2;680;;;0;0;0;0;C;100;42.63092;8.92806;0;0.0;;;;0;B;1911.0;;;;;;False;;;;;;a;n;a;2020-01;2B134;0000;2B1340000;Z;2B
pr;a;l;0;46;;2;580;;;0;0;0;0;D;179;42.63175;8.94631;0;0.0;;;;0;B;;;;;;;False;;;;;;a;n;a;2020-01;2B134;0000;2B1340000;Z;2B
pr;a;l;0;27;;1;530;;;0;0;0;0;NS;;42.69547;9.44856;0;;;0.0;;0;;;;;;;;;;;;;;a;n;a;2020-01;2B033;0102;2B0330102;H;2B
pr;a;l;5;40;;2;560;;;0;0;0;0;0;;42.69581;9.44765;0;5.0;;;;0;;;;;;;;;;;;;;a;n;a;2020-01;2B033;0102;2B0330102;H;2B
pr;a;l;2;41;;2;548;;;0;0;0;0;C;98;42.69728;9.45088;0;;;;;0;;;;;;;;;;;;;;a;n;a;2020-01;2B033;0102;2B0330102;H;2B
pa;a;l;1;36;;2;490;;;0;0;0;0;0;0;42.69582;9.44951;0;;;;;0;;;;;;;;;;;;;;a;n;a;2020-01;2B033;0102;2B0330102;H;2B
pr;a;l;0;65;;3;720;;;0;0;0;1;B;80;42.67639;9.4344;0;7.0;;2.0;;0;C;;1.0;1.0;;;;True;;;Gaz;;Individuel;a;n;a;2020-01;2B033;0502;2B0330502;H;2B
pr;a;l;0;20;;1;450;;;0;0;0;0;0;;42.30169;9.15884;0;3.0;;;;0;;;;;;;;;;;Électrique;Convecteur;Individuel;a;n;a;2020-01;2B096;0102;2B0960102;H;2B
pr;a;l;3;20;;1;462;;;0;0;0;0;0;;42.30169;9.15884;0;3.0;;;;0;;;;;;;;;;;Électrique;Convecteur;Individuel;a;n;a;2020-01;2B096;0102;2B0960102;H;2B
pr;a;l;5;57;;3;750;;;0;0;0;0;E;330;42.30045;9.15541;0;5.0;;;;0;C;;;;;;;;;;Électrique;;Individuel;a;n;a;2020-01;2B096;0102;2B0960102;H;2B
pr;a;l;0;61;;3;690;;;0;0;0;0;0;;42.29993;9.15664;0;1.0;;;;0;;;;;;;;;;;Électrique;Convecteur;Individuel;a;n;a;2020-01;2B096;0102;2B0960102;H;2B
pr;a;l;1;22;;1;498;;;0;0;0;0;0;;42.31303;9.14991;0;3.0;;;;0;;;;;;;;;;;Électrique;Convecteur;Individuel;a;n;a;2020-01;2B096;0102;2B0960102;H;2B
pa;a;l;0;30;;2;600;;;0;0;0;0;0;0;42.31481;9.1517;0;;;;;0;;;;;;;;;;;;;;a;n;a;2020-01;2B096;0102;2B0960102;H;2B
pr;a;l;0;35;;2;520;;;0;0;0;0;D;212;42.31566;9.14821;0;;;;;0;B;;;;;;;;;;Électrique;Climatisation révérsible;Individuel;a;n;a;2020-01;2B096;0102;2B0960102;H;2B
pr;a;l;1;35;;2;520;;;0;0;0;0;D;228;42.31566;9.14821;0;2.0;;;;0;B;;;;;;;;;;Électrique;Climatisation révérsible;Individuel;a;n;a;2020-01;2B096;0102;2B0960102;H;2B
pr;a;l;2;65;;3;650;;;0;2;0;1;0;;42.56261;9.44297;0;;;;True;0;;;1.0;;;;;False;;;;;;a;n;a;2020-01;2B042;0102;2B0420102;H;2B
pr;m;l;0;49;15.0;3;610;;;0;0;0;1;D;181;42.5675;9.51932;0;;;1.0;;0;;;;;;;;;;;;;Individuel;a;n;m;2020-01;2B042;0102;2B0420102;H;2B
pr;a;l;0;43;;2;585;;;0;0;0;0;F;394;42.59834;9.49857;0;0.0;;;;0;D;1978.0;;;;;;False;;;;;;a;n;a;2020-01;2B042;0102;2B0420102;H;2B
pr;a;l;3;71;;3;827;;;0;0;0;0;C;134;42.59958;9.49442;0;;;;;0;;;;;;;;;;;;;;a;n;a;2020-01;2B042;0102;2B0420102;H;2B
pr;a;lt;2;9;;1;380;;;0;0;1;0;0;0;45.75424;4.7967;0;;;;;0;;;;;;;;;;;;;;a;n;a;2019-12;69385;0404;693850404;H;69
pr;a;l;1;59;;3;590;;;0;0;1;0;A;0;42.63185;9.35839;0;;;;;0;;;;;;;;;;;;;;a;n;a;2019-12;2B185;0000;2B1850000;Z;2B
pr;a;lt;0;60;;3;130;;;0;0;1;1;B;62;43.69567;7.2705;0;;;;;0;;;;;;;;;;;;;;a;n;a;2019-12;06088;0101;060880101;H;06
pr;a;l;1;55;;2;712;;;0;0;0;0;C;105;42.418;9.28429;0;;;;;0;;;;;;;;;;;;;;a;n;a;2019-12;2B122;0000;2B1220000;Z;2B
pr;a;l;0;60;;3;500;;;0;0;0;0;0;0;42.418;9.28429;0;;;;;0;;;;;;;;;;;;;;a;n;a;2019-12;2B122;0000;2B1220000;Z;2B
pr;a;lt;6;22;;1;1459;;;0;0;0;1;0;0;48.85271;2.33296;0;;;;;0;;;;;;;;;;;;;;a;n;a;2019-12;75106;2401;751062401;H;75
pr;a;lt;3;60;;2;1804;;;0;0;0;1;0;0;48.82513;2.37256;0;;;;;0;;;;;;;;;;;;;;a;n;a;2019-12;75113;5012;751135012;H;75
pr;a;lt;3;55;;2;2199;;;0;0;0;1;0;0;48.85849;2.35144;0;;;;;0;;;;;;;;;;;;;;a;n;a;2019-12;75104;1302;751041302;H;75
pr;a;l;2;46;;2;591;;;0;0;0;0;C;126;42.54968;9.44759;0;;;;;0;;;;;;;;;;;;;;a;n;a;2019-12;2B148;0000;2B1480000;Z;2B
pr;a;lt;0;15;;1;155;;;0;0;0;0;0;0;46.5614;0.34314;0;;;;;0;;;;;;;;;;;;;;a;n;a;2019-12;86214;0103;862140103;H;86
pr;a;lt;3;24;;1;1280;;;0;0;1;1;0;0;45.75698;4.82453;0;;;;;0;;;;;;;;;;;;;;a;n;a;2019-12;69385;0104;693850104;H;69
pr;a;lt;3;47;;3;1;;;0;0;0;2;B;0;49.36176;0.07718;0;;;;;0;;;;;;;;;;;;;;a;n;a;2019-12;14220;0000;142200000;Z;14
pr;a;lt;4;80;;3;2400;;;0;1;0;1;0;0;45.76581;4.84291;0;;;;;0;;;;;;;;;;;;;;a;n;a;2019-12;69386;0401;693860401;H;69
pr;a;lt;3;36;;1;1520;;;0;0;1;1;0;0;45.74601;4.8269;0;;;;;0;;;;;;;;;;;;;;a;n;a;2019-12;69382;0503;693820503;H;69
pr;a;lt;2;40;;2;1680;;;0;1;0;1;0;0;45.76088;4.84613;0;;;;;0;;;;;;;;;;;;;;a;n;a;2019-12;69383;0104;693830104;H;69
pr;m;l;0;70;;3;850;;;0;0;0;1;0;0;42.56581;9.44285;0;;;;;0;;;;;;;;;;;;;;a;n;m;2019-12;2B042;0102;2B0420102;H;2B
pr;a;lt;5;32;;2;1598;;;0;0;0;1;0;0;45.7629;4.85231;0;;;;;0;;;;;;;;;;;;;;a;n;a;2019-12;69383;0301;693830301;A;69
pr;a;lt;2;39;;2;950;;;0;0;0;1;0;0;48.83347;2.35289;0;;;;;0;;;;;;;;;;;;;;a;n;a;2019-12;75113;5201;751135201;H;75
pr;a;lt;3;99;;4;2489;;;0;1;1;1;0;0;48.83181;2.35344;0;;;;;0;;;;;;;;;;;;;;a;n;a;2019-12;75113;5201;751135201;H;75
pr;a;lt;4;53;;3;1800;;;0;0;0;1;0;0;48.86116;2.28433;0;;;;;0;;;;;;;;;;;;;;a;n;a;2019-12;75116;6220;751166220;H;75
pr;a;lt;3;70;;3;2267;;;0;0;0;1;0;0;48.84583;2.26095;0;;;;;0;;;;;;;;;;;;;;a;n;a;2019-12;75116;6111;751166111;H;75
pr;a;l;4;45;;2;519;;;0;0;0;0;C;146;42.6849;9.44571;0;;;;;0;;;;;;;;;;;;;;a;n;a;2019-12;2B033;0201;2B0330201;H;2B
pr;a;l;5;50;;2;585;;;0;0;1;0;C;137;42.68465;9.43976;0;;;;;0;;;;;;;;;;;;;;a;n;a;2019-12;2B033;0201;2B0330201;H;2B
pr;a;l;3;40;;2;670;;;0;0;1;0;0;0;42.68842;9.44396;0;;;;;0;;;;;;;;;;;;;;a;n;a;2019-12;2B033;0201;2B0330201;H;2B
pr;a;l;1;51;;2;625;;;0;0;1;0;C;95;42.68465;9.43976;0;;;;;0;;;;;;;;;;;;;;a;n;a;2019-12;2B033;0201;2B0330201;H;2B
pr;a;l;0;40;;2;680;;;0;0;1;0;0;0;42.6818;9.30367;0;;;;;0;;;;;;;;;;;;;;a;n;a;2019-12;2B298;0000;2B2980000;Z;2B
pr;a;lt;5;23;;1;1375;;;0;0;0;1;E;0;48.85617;2.27999;0;;;;;0;;;;;;;;;;;;;;a;n;a;2019-12;75116;6212;751166212;H;75
pr;a;l;0;45;;2;580;;;0;0;0;0;G;451;42.38524;9.51729;0;;;;;0;;;;;;;;;;;;;;a;n;a;2019-12;2B307;0000;2B3070000;Z;2B
pa;a;l;0;110;;4;1000;;;0;0;1;1;0;0;42.6184;8.90045;0;;;;;0;;;;;;;;;;;;;;a;n;a;2019-12;2B093;0000;2B0930000;Z;2B
pr;a;lt;5;79;;3;2317;;;0;1;0;1;0;0;48.83362;2.28933;0;;;;;0;;;;;;;;;;;;;;a;n;a;2019-12;75115;5708;751155708;H;75
pa;a;l;0;27;;1;400;;;0;0;0;1;B;78;42.37508;9.51974;0;;;;;0;;;;;;;;;;;;;;a;n;a;2019-12;2B313;0000;2B3130000;Z;2B
pa;a;l;0;50;;3;700;;;0;0;0;0;0;0;42.57756;8.83559;0;;;;;0;;;;;;;;;;;;;;a;n;a;2019-12;2B150;0000;2B1500000;Z;2B
pr;a;lt;1;69;;3;2150;;;0;1;1;1;0;0;45.7524;4.83926;0;;;;;0;;;;;;;;;;;;;;a;n;a;2019-12;69387;0101;693870101;H;69
pr;a;l;1;50;;2;600;;;0;1;1;0;0;0;42.69675;9.45083;0;;;;;0;;;;;;;;;;;;;;a;n;a;2019-11;2B033;0102;2B0330102;H;2B
pa;a;l;4;72;;4;990;;;0;0;0;0;0;0;42.70192;9.45053;0;;;;;0;;;;;;;;;;;;;;a;n;a;2019-11;2B033;0701;2B0330701;H;2B
pr;a;l;5;65;;2;600;;;0;0;0;1;0;0;42.70325;9.45119;0;;;;;0;;;;;;;;;;;;;;a;n;a;2019-11;2B033;0701;2B0330701;H;2B
pr;a;l;5;83;;4;820;;;0;0;0;1;0;0;42.69717;9.45077;0;;;;;0;;;;;;;;;;;;;;a;n;a;2019-11;2B033;0102;2B0330102;H;2B
pr;a;l;2;30;;1;490;;;0;0;0;0;0;0;42.69728;9.45088;0;;;;;0;;;;;;;;;;;;;;a;n;a;2019-11;2B033;0102;2B0330102;H;2B
pr;a;l;5;66;;3;725;;;0;0;0;1;D;155;42.70451;9.44199;0;;;;;0;;;;;;;;;;;;;;a;n;a;2019-11;2B033;0603;2B0330603;H;2B
pr;a;l;0;112;;5;800;;;0;0;0;0;0;0;42.49253;9.35578;0;;;;;0;;;;;;;;;;;;;;a;n;a;2019-11;2B054;0000;2B0540000;Z;2B
pr;a;l;0;70;;3;550;;;0;0;0;0;0;0;42.49253;9.35578;0;;;;;0;;;;;;;;;;;;;;a;n;a;2019-11;2B054;0000;2B0540000;Z;2B
pr;a;l;1;82;;3;790;;;0;0;1;1;0;0;42.71005;9.4547;0;;;;;0;;;;;;;;;;;;;;a;n;a;2019-11;2B353;0000;2B3530000;Z;2B
pa;a;l;4;41;;2;685;;;0;0;0;0;B;89;42.70791;9.43861;0;;;;;0;;;;;;;;;;;;;;a;n;a;2019-11;2B353;0000;2B3530000;Z;2B
pr;a;l;1;66;;3;650;;;0;0;0;0;D;159;42.44581;9.5078;0;;;;;0;;;;;;;;;;;;;;a;n;a;2019-11;2B207;0000;2B2070000;Z;2B
pr;m;l;0;170;;5;2000;;;0;0;0;0;0;0;42.418;9.28429;0;;;;;0;;;;;;;;;;;;;;a;n;m;2019-11;2B122;0000;2B1220000;Z;2B
pa;m;l;0;45;;3;750;;;0;0;1;0;0;0;42.32861;9.5378;0;;;;;0;;;;;;;;;;;;;;a;n;m;2019-11;2B335;0000;2B3350000;Z;2B
pr;m;l;0;165;;4;1169;;;0;0;0;0;D;190;42.62042;9.42548;0;;;;;0;;;;;;;;;;;;;;a;n;m;2019-11;2B037;0101;2B0370101;H;2B
pr;a;l;2;64;;3;700;;;0;0;0;1;D;171;42.62181;9.4317;0;;;;;0;;;;;;;;;;;;;;a;n;a;2019-11;2B037;0101;2B0370101;H;2B
pr;m;l;0;70;;3;800;;;0;0;0;0;C;128;42.41627;9.52945;0;;;;;0;;;;;;;;;;;;;;a;n;m;2019-11;2B319;0000;2B3190000;Z;2B
pr;m;l;0;101;;4;885;;;0;0;1;1;E;283;42.46725;9.47296;0;;;;;0;;;;;;;;;;;;;;a;n;m;2019-11;2B077;0000;2B0770000;Z;2B
pr;a;l;1;80;;4;890;;;0;1;1;0;D;188;42.69538;9.44444;0;;;;;0;;;;;;;;;;;;;;a;n;a;2019-11;2B033;0202;2B0330202;H;2B
pr;a;l;5;80;;4;850;;;0;0;0;1;0;0;42.69514;9.44351;0;;;;;0;;;;;;;;;;;;;;a;n;a;2019-11;2B033;0202;2B0330202;H;2B
pr;a;l;2;83;;3;650;;;0;0;1;0;0;0;42.48403;9.45496;0;;;;;0;;;;;;;;;;;;;;a;n;a;2019-11;2B343;0000;2B3430000;Z;2B
pa;a;l;0;27;;1;520;;;0;1;0;0;0;0;42.55315;8.7732;0;;;;;0;;;;;;;;;;;;;;a;n;a;2019-11;2B050;0102;2B0500102;H;2B
pr;a;l;1;70;;3;662;;;0;0;0;1;C;133;42.5546;9.42436;0;;;;;0;;;;;;;;;;;;;;a;n;a;2019-11;2B042;0101;2B0420101;H;2B
pr;a;l;4;63;;3;730;;;0;0;0;0;C;121;42.55127;9.41824;0;;;;;0;;;;;;;;;;;;;;a;n;a;2019-11;2B042;0101;2B0420101;H;2B
pr;a;l;0;65;;3;610;;;0;0;0;0;C;128;42.55127;9.41824;0;;;;;0;;;;;;;;;;;;;;a;n;a;2019-11;2B042;0101;2B0420101;H;2B
pr;m;l;0;52;;2;620;;;0;0;0;0;0;0;42.5588;9.43307;0;;;;;0;;;;;;;;;;;;;;a;n;m;2019-11;2B042;0101;2B0420101;H;2B
pr;a;l;3;45;;2;440;;;0;0;0;0;C;105;42.55127;9.41824;0;;;;;0;;;;;;;;;;;;;;a;n;a;2019-11;2B042;0101;2B0420101;H;2B
pr;a;l;1;71;;3;832;;;0;0;0;0;0;0;42.55584;9.44069;0;;;;;0;;;;;;;;;;;;;;a;n;a;2019-11;2B042;0101;2B0420101;H;2B
pr;a;l;2;72;;3;683;;;0;0;0;0;C;138;42.55127;9.41824;0;;;;;0;;;;;;;;;;;;;;a;n;a;2019-11;2B042;0101;2B0420101;H;2B
pa;a;l;0;46;;2;650;;;0;0;0;1;A;33;42.66525;9.31594;0;;;;;0;;;;;;;;;;;;;;a;n;a;2019-11;2B185;0000;2B1850000;Z;2B
pr;a;l;6;61;;3;730;;;0;0;1;0;D;217;42.70212;9.44891;0;;;;;0;;;;;;;;;;;;;;a;n;a;2019-11;2B033;0702;2B0330702;H;2B
pr;a;l;3;27;;1;440;;;0;0;0;1;0;0;42.70434;9.44857;0;;;;;0;;;;;;;;;;;;;;a;n;a;2019-11;2B033;0702;2B0330702;H;2B
pr;a;l;7;114;;4;1170;;;0;1;1;1;D;171;42.71232;9.4519;0;;;;;0;;;;;;;;;;;;;;a;n;a;2019-10;2B353;0000;2B3530000;Z;2B
pr;a;l;2;50;;2;610;;;0;0;1;0;0;0;42.68417;9.44472;0;;;;;0;;;;;;;;;;;;;;a;n;a;2019-10;2B033;0302;2B0330302;H;2B
pa;a;l;3;94;;5;949;;;0;0;0;1;C;91;42.73655;9.43685;0;;;;;0;;;;;;;;;;;;;;a;n;a;2019-09;2B305;0000;2B3050000;Z;2B
pa;a;l;0;34;;2;560;;;0;1;0;1;0;0;42.7397;9.43216;0;;;;;0;;;;;;;;;;;;;;a;n;a;2019-09;2B305;0000;2B3050000;Z;2B
pa;a;l;5;92;;3;800;;;0;1;0;1;0;0;42.70431;9.44709;0;;;;;0;;;;;;;;;;;;;;a;n;a;2019-09;2B033;0702;2B0330702;H;2B
pr;a;l;4;25;;1;440;;;0;0;0;1;0;0;42.70434;9.44857;0;;;;;0;;;;;;;;;;;;;;a;n;a;2019-09;2B033;0702;2B0330702;H;2B
pa;a;l;4;110;;4;880;;;0;0;0;0;0;0;42.00926;9.42282;0;;;;;0;;;;;;;;;;;;;;a;n;a;2019-09;2B123;0000;2B1230000;Z;2B
pa;a;l;1;60;;2;700;;;0;0;1;0;A;50;42.69134;9.32009;0;;;;;0;;;;;;;;;;;;;;a;n;a;2019-09;2B298;0000;2B2980000;Z;2B
pr;a;l;4;23;;1;410;;;0;0;0;1;E;310;42.70434;9.44857;0;;;;;0;;;;;;;;;;;;;;a;n;a;2019-09;2B033;0702;2B0330702;H;2B
pr;a;l;3;52;;2;650;;;0;0;1;0;D;214;42.7;9.44945;0;;;;;0;;;;;;;;;;;;;;a;n;a;2019-09;2B033;0601;2B0330601;H;2B
pa;a;l;3;65;;3;800;;;0;1;1;1;0;0;42.6995;9.45031;0;;;;;0;;;;;;;;;;;;;;a;n;a;2019-09;2B033;0601;2B0330601;H;2B
pr;a;l;1;47;;2;550;;;0;0;1;0;D;191;42.45502;9.34822;0;;;;;0;;;;;;;;;;;;;;a;n;a;2019-09;2B195;0000;2B1950000;Z;2B
pa;m;l;0;270;;12;1700;;;0;1;3;0;B;70;42.62146;9.42796;0;;;;;0;;;;;;;;;;;;;;a;n;m;2019-09;2B037;0101;2B0370101;H;2B
pr;m;l;0;140;;4;1250;;;0;0;1;1;C;119;42.59512;9.43201;0;;;;;0;;;;;;;;;;;;;;a;n;m;2019-09;2B037;0101;2B0370101;H;2B
pr;a;l;1;52;;2;690;;;0;0;1;0;0;0;42.69728;9.45088;0;;;;;0;;;;;;;;;;;;;;a;n;a;2019-09;2B033;0102;2B0330102;H;2B
pr;a;l;1;70;;3;700;;;0;0;1;0;0;0;42.70389;9.45134;0;;;;;0;;;;;;;;;;;;;;a;n;a;2019-09;2B033;0701;2B0330701;H;2B
pa;a;l;0;25;;1;450;;;0;0;0;1;0;0;42.6755;9.43284;0;;;;;0;;;;;;;;;;;;;;a;n;a;2019-09;2B033;0502;2B0330502;H;2B
pa;a;l;0;82;;4;925;;;0;1;0;1;B;79;42.68877;9.43613;0;;;;;0;;;;;;;;;;;;;;a;n;a;2019-09;2B033;0201;2B0330201;H;2B
pr;m;l;0;125;;4;1370;;;0;0;1;1;0;0;42.55786;9.43877;0;;;;;0;;;;;;;;;;;;;;a;n;m;2019-09;2B042;0101;2B0420101;H;2B
pr;a;l;2;48;;2;569;;;0;0;1;0;E;232;42.55048;9.4446;0;;;;;0;;;;;;;;;;;;;;a;n;a;2019-09;2B148;0000;2B1480000;Z;2B
pr;a;l;0;50;;2;450;;;0;0;0;1;0;0;42.44406;9.51035;0;;;;;0;;;;;;;;;;;;;;a;n;a;2019-09;2B207;0000;2B2070000;Z;2B
pr;a;l;3;40;;2;555;;;0;0;0;0;0;0;42.67358;9.4409;0;;;;;0;;;;;;;;;;;;;;a;n;a;2019-08;2B033;0402;2B0330402;H;2B
pa;a;l;5;99;;3;800;;;0;1;0;1;0;0;42.70431;9.44709;0;;;;;0;;;;;;;;;;;;;;a;n;a;2019-08;2B033;0702;2B0330702;H;2B
pr;a;l;4;90;;3;865;;;0;0;0;1;0;0;42.70287;9.44557;0;;;;;0;;;;;;;;;;;;;;a;n;a;2019-08;2B033;0702;2B0330702;H;2B
pr;a;l;3;22;;1;430;;;0;0;0;1;0;0;42.70434;9.44857;0;;;;;0;;;;;;;;;;;;;;a;n;a;2019-08;2B033;0702;2B0330702;H;2B
pr;a;l;0;73;;4;920;;;0;1;0;1;C;111;42.69943;9.44922;0;;;;;0;;;;;;;;;;;;;;a;n;a;2019-08;2B033;0601;2B0330601;H;2B
pr;a;l;4;70;;3;780;;;0;0;0;1;0;0;42.69728;9.45088;0;;;;;0;;;;;;;;;;;;;;a;n;a;2019-08;2B033;0102;2B0330102;H;2B
pr;a;l;0;70;;3;700;;;0;0;0;0;0;0;42.56232;9.44244;0;;;;;0;;;;;;;;;;;;;;a;n;a;2019-08;2B042;0102;2B0420102;H;2B
pr;a;l;1;69;;3;608;;;0;0;0;1;0;0;42.56232;9.44244;0;;;;;0;;;;;;;;;;;;;;a;n;a;2019-08;2B042;0102;2B0420102;H;2B
pr;a;l;1;80;;4;890;;;0;1;1;0;0;0;42.6942;9.44365;0;;;;;0;;;;;;;;;;;;;;a;n;a;2019-08;2B033;0202;2B0330202;H;2B
pr;a;l;6;70;;4;750;;;0;0;1;0;0;0;42.69086;9.44535;0;;;;;0;;;;;;;;;;;;;;a;n;a;2019-08;2B033;0202;2B0330202;H;2B
pa;a;l;0;70;;3;790;;;0;0;0;0;0;0;42.6167;8.94027;0;;;;;0;;;;;;;;;;;;;;a;n;a;2019-08;2B168;0000;2B1680000;Z;2B
pr;a;l;4;32;;2;580;;;0;0;1;0;0;0;42.69701;9.44883;0;;;;;0;;;;;;;;;;;;;;a;n;a;2019-07;2B033;0102;2B0330102;H;2B
pr;a;l;1;71;;3;790;;;0;0;0;0;C;111;42.55545;9.44291;0;;;;;0;;;;;;;;;;;;;;a;n;a;2019-07;2B042;0101;2B0420101;H;2B
pr;a;l;0;104;;5;870;;;0;0;1;0;0;0;42.74932;9.4234;0;;;;;0;;;;;;;;;;;;;;a;n;a;2019-07;2B309;0000;2B3090000;Z;2B
pa;a;l;3;49;;2;650;;;0;0;0;0;0;0;42.66735;9.44027;0;;;;;0;;;;;;;;;;;;;;a;n;a;2019-07;2B033;0402;2B0330402;H;2B
pa;m;l;0;35;;2;750;;;0;0;0;0;0;0;42.66849;9.42411;0;;;;;0;;;;;;;;;;;;;;a;n;m;2019-06;2B033;0502;2B0330502;H;2B
pr;a;l;2;42;;2;590;;;0;0;0;1;C;150;42.70922;9.4449;0;;;;;0;;;;;;;;;;;;;;a;n;a;2019-06;2B033;0603;2B0330603;H;2B
pr;a;l;2;35;;1;525;;;0;1;1;0;0;0;42.68465;9.43976;0;;;;;0;;;;;;;;;;;;;;a;n;a;2019-06;2B033;0201;2B0330201;H;2B
pa;a;l;0;45;;2;630;;;0;1;1;0;0;0;42.68336;9.42426;0;;;;;0;;;;;;;;;;;;;;a;n;a;2019-06;2B033;0201;2B0330201;H;2B
pr;a;l;2;55;;2;523;;;0;0;1;0;C;147;42.44371;9.50954;0;;;;;0;;;;;;;;;;;;;;a;n;a;2019-06;2B207;0000;2B2070000;Z;2B
pr;a;l;0;38;;2;530;;;0;0;1;0;0;0;42.64867;9.42628;0;;;;;0;;;;;;;;;;;;;;a;n;a;2019-06;2B120;0000;2B1200000;Z;2B
pr;a;l;0;20;;2;550;;;0;0;0;0;0;0;42.70531;9.44902;0;;;;;0;;;;;;;;;;;;;;a;n;a;2019-06;2B033;0702;2B0330702;H;2B
pr;a;l;0;70;;3;700;;;0;0;1;0;0;0;42.70668;9.44603;0;;;;;0;;;;;;;;;;;;;;a;n;a;2019-06;2B033;0702;2B0330702;H;2B
pr;a;l;1;72;;3;685;;;0;0;0;1;0;0;42.48691;9.47946;0;;;;;0;;;;;;;;;;;;;;a;n;a;2019-04;2B286;0000;2B2860000;Z;2B
pr;a;lt;5;38;;2;1320;;;0;1;0;1;0;0;48.86116;2.38158;0;;;;;0;;;;;;;;;;;;;;a;n;a;2019-04;75111;4320;751114320;H;75
pr;a;l;1;70;;3;557;;;0;0;0;1;0;0;42.7;9.45;0;;;;;0;;;;;;;;;;;;;;a;n;a;2019-04;2B033;0601;2B0330601;H;2B
